  {
    "Comment": "Create and start a new professional onboarding workflow",
    "StartAt": "Start WorkFlow (Business Moment)",
    "States": {
      "Start WorkFlow (Business Moment)": {
        "Type": "Task",
        "Resource": "${ItsLoggingLambda}",
        "Parameters": {
          "Payload": {
                "payload.$": "$",
                "message": "Workflow has started from here.",
                "momentIdentifier": "WORKFLOW_STARTED",
                "source": "onboardingBC-business-event"
            }
        },
        "ResultPath": "$.previousTask",
        "OutputPath": "$",
        "Next": "Professional Creation Started (Business Moment)"
      },
      "Professional Creation Started (Business Moment)": {
        "Type": "Task",
        "Resource": "${ItsLoggingLambda}",
        "Parameters": {
          "Payload": {
                "payload.$": "$",
                "message": "Professional creation has started.",
                "momentIdentifier": "PROFESSIONAL_CREATION_STARTED",
                "source": "onboardingBC-business-event"
            }
        },
        "ResultPath": "$.previousTask",
        "OutputPath": "$",
        "Next": "Benefits Configuration Check (Business Moment)"
      },
      "Benefits Configuration Check (Business Moment)": {
        "Type": "Task",
        "Resource": "${ItsLoggingLambda}",
        "Parameters": {
          "Payload": {
                "payload.$": "$",
                "message": "Benefits configuration check has started.",
                "momentIdentifier": "BENEFIT_CHECK_STARTED",
                "source": "onboardingBC-business-event"
            }
        },
        "ResultPath": "$.previousTask",
        "OutputPath": "$",
        "Next": "Check Benefit Awards Status"
      },
      "Check Benefit Awards Status": {
        "Type": "Task",
        "Resource": "arn:aws:states:::lambda:invoke.waitForTaskToken",
        "Parameters": {
            "FunctionName": "${ItsBenefitCheckLambda}",
                "Payload": {
                    "payload.$": "$",
                    "token.$":"$$.Task.Token"
                }
        },
        "ResultPath": "$",
        "OutputPath": "$",
        "Next": "Benefits Configuration Check Success (Business Moment)",
        "Catch": [
        {
          "ErrorEquals": [ "States.ALL" ],
          "Next": "Notify Failure"
        }
        ]
      },
      "Benefits Configuration Check Success (Business Moment)": {
        "Type": "Task",
        "Resource": "${ItsLoggingLambda}",
        "Parameters": {
          "Payload": {
                "payload.$": "$",
                "message": "Benefits configuration check is successful.",
                "momentIdentifier": "BENEFIT_CHECK_SUCCESSFUL",
                "source": "onboardingBC-business-event"
            }
        },
        "ResultPath": "$.previousTask",
        "OutputPath": "$",
        "Next": "Reviewer Assigning Started (Business Moment)"
      },
      "Reviewer Assigning Started (Business Moment)": {
        "Type": "Task",
        "Resource": "${ItsLoggingLambda}",
        "Parameters": {
          "Payload": {
                "payload.$": "$",
                "message": "Reviewer assigning has started.",
                "momentIdentifier": "REVIEWER_ASSIGNING_STARTED",
                "source": "onboardingBC-business-event"
            }
        },
        "ResultPath": "$.previousTask",
        "OutputPath": "$",
        "Next": "Assign Reviewer"
      },
      "Assign Reviewer":{
        "Type": "Task",
        "Resource": "arn:aws:states:::lambda:invoke.waitForTaskToken",
        "Parameters": {
            "FunctionName": "${ItsReviewerAssignLambda}",
                "Payload": {
                    "payload.$": "$",
                    "token.$":"$$.Task.Token"
                }
      },
      "ResultPath": "$",
      "OutputPath": "$",
      "Next": "Reviewer Assigning Successful (Business Moment)",
        "Catch": [
        {
          "ErrorEquals": [ "States.ALL" ],
          "Next": "Notify Failure"
        }
        ]
      },
      "Reviewer Assigning Successful (Business Moment)": {
        "Type": "Task",
        "Resource": "${ItsLoggingLambda}",
        "Parameters": {
          "Payload": {
                "payload.$": "$",
                "message": "Reviewer assigning is successful.",
                "momentIdentifier": "REVIEWER_ASSIGNING_SUCCESSFUL",
                "source": "onboardingBC-business-event"
            }
        },
        "ResultPath": "$.previousTask",
        "OutputPath": "$",
        "Next": "Notify Success (Business Moment)"
      },
      "Notify Success (Business Moment)": {
        "Type": "Task",
        "Resource": "${ItsLoggingLambda}",
        "Parameters": {
          "Payload": {
                "payload.$": "$",
                "message": "Professional creation is complete.",
                "momentIdentifier": "PROFESSIONAL_CREATION_SUCCESSFUL",
                "source": "onboardingBC-business-event"
            }
        },
        "ResultPath": "$.previousTask",
        "OutputPath": "$",
        "Next": "WorkFlow Completed (Business Moment)"
      },
      "Notify Failure": {
        "Type": "Task",
        "Resource": "${ItsLoggingLambda}",
        "Parameters": {
          "Payload": {
                "payload.$": "$",
                "message": "Workflow is Stuck at this task.",
                "momentIdentifier": "WORKFLOW_STUCKED",
                "source": "onboardingBC-business-event"
            }
        },
        "ResultPath": "$.previousTask",
        "OutputPath": "$",
        "Next": "WorkFlow Completed (Business Moment)"
        },
        "WorkFlow Completed (Business Moment)": {
          "Type": "Task",
          "Resource":"${ItsLoggingLambda}",
          "Parameters": {
            "Payload": {
                  "payload.$": "$",
                  "message": "Workflow completed successfully.",
                  "momentIdentifier": "WORKFLOW_COMPLETED",
                  "source": "onboardingBC-business-event"
              }
          },
          "ResultPath": "$.previousTask",
          "OutputPath": "$",
          "End": true
        }
    }
 }
 